,mean,sd,q5,q95
Armarouge,0.25512995167399427,0.17327528303624715,-0.006912395609973715,0.5357570938014218
Gallade,0.21619965499586133,0.12481539314215999,0.012676552606221532,0.42036694815672265
Charizard,0.20215666502111707,0.060453725685702585,0.10294850998349257,0.2935643272975801
Gardevoir,0.19940338403751867,0.09932039735994239,0.042714579566455066,0.3621664306682978
Froslass,0.19937666812748794,0.07561650206570689,0.08099480036026065,0.3270341522101496
Wash Rotom,0.17429645052112455,0.0763920609751057,0.05071891423843855,0.2965721885061574
Toxapex,0.17415744140392994,0.10484718860125973,0.0054341224337934434,0.3534371161343163
Klefki,0.17343696111160256,0.1869255421887545,-0.1275419341166177,0.47470707262736794
Crabominable,0.16872302426141636,0.18251553172926047,-0.1429490448315971,0.47387232166474785
Snorlax,0.16224054394208906,0.14761630563365355,-0.07677289125425736,0.4084241071678343
Eternal Flower Floette,0.1616158526178245,0.0595789390939724,0.060154717083009214,0.25112036334958554
Excadrill,0.15992087445195804,0.10079450374290351,0.0018465112855100296,0.3298420293643382
Kangaskhan,0.158077997302407,0.09272231494831162,0.01489076533254595,0.3071142348340858
Whimsicott,0.15750340980799094,0.06312255567988473,0.05645805105955649,0.25968413141979524
Lopunny,0.15473717080271374,0.16989353214199374,-0.12353364890789797,0.4300323707902971
Archaludon,0.1544787970687973,0.09496721992839066,-0.010806956043387028,0.31488739085266837
Milotic,0.1492501002051656,0.08162196973186474,0.017844790619214717,0.282088450818402
Hydreigon,0.1466664439282064,0.06873739978671017,0.03195052897747256,0.256799424205368
Scovillain,0.13265032593538068,0.08963171588223193,-0.026261479881866126,0.2820323038062059
Volcarona,0.12861025181907768,0.1533495849586156,-0.12002044690485734,0.3965565144521611
Gyarados,0.12358516923558,0.12053456915977875,-0.07380039484359262,0.31395081652803414
Floette,0.12293831137691999,0.10305258456774068,-0.042260044601729344,0.28485282329038614
Pyroar,0.12202686697627373,0.09113267057692012,-0.03065556808755869,0.2668439497287129
Tsareena,0.11386782091854368,0.11192233262318196,-0.07267403836643427,0.2929248987355014
Metagross,0.10947053833415459,0.06371911280255084,0.00969808738755252,0.2167525171635976
Hawlucha,0.10212163308812343,0.1780736394108839,-0.18729451313541165,0.39831202332296556
Lycanroc Dusk,0.09952808357246329,0.10613638396773989,-0.08484177277488726,0.2765955960390893
Blastoise,0.09726567167936828,0.0951325585393356,-0.05632629226502503,0.2523233272003466
Basculegion,0.0960127145403092,0.052868579847627314,0.013481261915744941,0.17974006953576044
Spiritomb,0.08417123600811965,0.22917438055595887,-0.2647037501680353,0.46883333164314933
Swampert,0.08331123752968443,0.0937315460387479,-0.0691509453228151,0.23637554720725698
Galarian Slowbro,0.08100192722998799,0.22520199228557913,-0.291333077972676,0.43784039844692985
Wyrdeer,0.08062586423176356,0.1772513288387105,-0.20907161236425917,0.3759925736735305
Primarina,0.07868170911544622,0.10728917892247758,-0.09720638643154847,0.25209680800531503
Pelipper,0.07465159021690003,0.09323020559850385,-0.07384357264761014,0.23069224924943704
Houndstone,0.07262622399601044,0.1502165987688181,-0.1776959794970658,0.3094017722443219
Mawile,0.07249430312938396,0.06762816248618773,-0.03885670952522606,0.18064005717808737
Vanilluxe,0.07107256288582724,0.1676288627432991,-0.19318204499969324,0.3520436799843435
Araquanid,0.06719210703607201,0.1610427466466513,-0.20144404551012687,0.3131368837155673
Sharpedo,0.0623523779283286,0.23306298206086698,-0.3129949555088822,0.43195805205634885
Blaziken,0.06116203079142883,0.08342563758766904,-0.07816133697368916,0.19530992705931505
Scrafty,0.06004111327107687,0.08340226175156434,-0.07424194601632626,0.19677367964427644
Garganacl,0.058844197904112716,0.23611721156680945,-0.33375936405064643,0.47292893420252613
Kingambit,0.05726800555685291,0.054291659968518674,-0.031208764175376727,0.14564139200429876
Azumarill,0.055325963507748994,0.1437457959063678,-0.17965531046476882,0.2936470392236775
Qwilfish,0.05424509022361248,0.22060552910279077,-0.30320782088432807,0.41809923296488666
Venusaur,0.049565478900343456,0.05876638860017935,-0.0444183620943274,0.1477034250116155
Abomasnow,0.04953635939417949,0.18164088848078022,-0.23230279442361643,0.33964703671652996
Vileplume,0.04930196582436723,0.1091340512386569,-0.12163616728637665,0.23187355245059063
Kommo-o,0.04859831842532609,0.1249349237736112,-0.1546865573257929,0.2622054061428058
Starmie,0.04807304399511274,0.16143948531939376,-0.21472061982910048,0.3091635536610161
Rampardos,0.04799118325770644,0.22608298242732844,-0.3082312611860531,0.42132228185710724
Ceruledge,0.04522907608758515,0.10036276422337248,-0.12120215642352208,0.20465711080461696
Empoleon,0.04377543886110425,0.17843416612262644,-0.248681609140079,0.32424509494484066
Pikachu,0.04172762934353254,0.20783912835714924,-0.30634143280043474,0.3767463064721335
Glalie,0.04097437760461668,0.2391738630349342,-0.35336274157964603,0.45221593305441965
Simisear,0.0408192366039588,0.24113951482806936,-0.3498463072031163,0.43853153331864975
Annihilape,0.03891255933711352,0.09502413637541988,-0.1199442243741216,0.19668105572501715
Skeledirge,0.0386303517601455,0.1988132817533232,-0.2881021901019846,0.3695522535111938
Hisuian Typhlosion,0.03852378062815532,0.1340079330713807,-0.18216006864668563,0.2674027048887388
Hisuian Goodra,0.03833224534778042,0.22875677703898006,-0.3298062689872573,0.42205591561358047
Pinsir,0.037983170045703084,0.22991719229504712,-0.3448007952825057,0.4286243522749851
Toucannon,0.03752547930577244,0.232902639128096,-0.34306474035841467,0.4263587170941704
Krookodile,0.03580575356118115,0.22867993815544296,-0.344932323787339,0.4167473108758245
Gholdengo,0.03450749624936982,0.05933117359919275,-0.0626872461137271,0.130891071205464
Barbaracle,0.033473300100686984,0.17514402718203334,-0.2520078810480163,0.3281889368743918
Incineroar,0.03238281523606398,0.04745272672594844,-0.0463480772684469,0.11340661856711605
Noivern,0.032212653660582645,0.21283612146783068,-0.3202948643175322,0.384303439688095
Drampa,0.0313928109413662,0.16837014658970884,-0.2327587273230384,0.30117366120655503
Ariados,0.029163083950065213,0.23491266615206277,-0.3662327929915697,0.4125151270000788
Hippowdon,0.02826730771106457,0.20500405949285844,-0.2994953671947743,0.35388431251122077
Lucario,0.02674837285334024,0.16276660056438486,-0.24604092038365846,0.2955289822811513
Beedrill,0.025968122762503265,0.21827975962850096,-0.32068735909972695,0.37941333959484064
Garchomp,0.02571773321745626,0.05827253060159011,-0.0723555885401332,0.12132859397911706
Banette,0.025238822160475648,0.2322904533617609,-0.3587111554842635,0.42798246427598347
Galarian Slowking,0.024069767861022457,0.20058101846827345,-0.29567460917013766,0.355233425579993
Hydrapple,0.023618152780399904,0.18701968302449945,-0.27617010521074786,0.34054585078408034
Medicham,0.02349721780608828,0.2157037820727868,-0.32677835685379264,0.3829405233861862
Chesnaught,0.023250890594916248,0.19589747186255901,-0.30665699195211626,0.32905044115708915
Meganium,0.022894759092007538,0.12825075975947212,-0.17934953569809783,0.23049000348235882
Farigiraf,0.022829914533319312,0.05784109314985661,-0.07255805644754512,0.1183346608806388
Alcremie,0.02275772739531975,0.20726514995281292,-0.3078925456545291,0.35571750102108096
Staraptor,0.021644167537022606,0.06019663913366276,-0.07310878476583182,0.12087737616995076
Falinks,0.02163544520540894,0.2033230736675394,-0.3085127924586089,0.3321865596969549
Aggron,0.021283801889483547,0.18351997357888883,-0.2828149757976201,0.31747437324974914
Aegislash,0.020161933091944986,0.15701329619609675,-0.24496262791039125,0.27474608825486185
Weavile,0.019954939758813416,0.1640237254341886,-0.25668528046661276,0.291615537909204
Altaria,0.019071871156138683,0.1707567345292594,-0.2719048946893633,0.2977099736759169
Hisuian Decidueye,0.01787832785478848,0.19246271843888002,-0.2882143264654132,0.34366469007382106
Gigantamax Grimmsnarl,0.013810210751880572,0.2275016108719668,-0.35791480279108695,0.38747207440216913
Mamoswine,0.010660422123416906,0.10369211972690627,-0.15955548775561046,0.18041740569555287
Dragonite,0.009782972071284203,0.08124355116958698,-0.12425274123732877,0.14047923354785935
Alolan Raichu,0.008924016147517446,0.23395846751464525,-0.36696535536339786,0.3835279229942704
Stunfisk,0.008679254240312396,0.2362372291435181,-0.39344330592163307,0.3847526702604259
Pidgeot,0.008622572015864409,0.2451426312085024,-0.4003747975153989,0.40750703925389703
Garbodor,0.00820887264227477,0.2338605846032706,-0.3960895906570079,0.3742903566715986
Pangoro,0.00804695849564885,0.2186496663815267,-0.3337219129161395,0.3793546053662345
Corviknight,0.005902381572003737,0.10299660574085266,-0.16235821126085953,0.17907539277009676
Mudsdale,0.005242518726715659,0.22046672681777188,-0.36471332348101804,0.36662447654691305
Lycanroc Midnight,0.003825773078309613,0.2436712141690434,-0.3948587131787297,0.41528857672282304
Hisuian Arcanine,0.002519512851900397,0.12796716063024904,-0.20539794749919443,0.22234417844971432
Delphox,0.002292234748785585,0.0729363647154463,-0.12102337076697944,0.12267378755080438
Appletun,0.00222369830903933,0.1970507230217739,-0.32509345336023293,0.3304976955378283
Camerupt,0.0018626302031547776,0.14909556816009115,-0.2394443664322682,0.24324172332218533
Espeon,0.001365948145763284,0.23427142704210754,-0.40711966668728344,0.3918959908225064
Hisuian Avalugg,0.0012440971517278473,0.23822136794611448,-0.3854521386356703,0.3963030466782904
Aromatisse,0.0011607313817244141,0.2066023523041869,-0.3313130381237824,0.3452452733030689
Samurott,0.0006765434878520879,0.2491378583455322,-0.3956909084342605,0.39144012811073947
Morpeko,0.0002711084794593957,0.1999102839448031,-0.32541759795002817,0.32164350209356174
Ditto,5.674212493883557e-07,0.18010762158734253,-0.29943425883177555,0.29417829295768644
Roserade,-0.0009873564819884956,0.23469912488339764,-0.37316472753481333,0.3815850129572915
Diggersby,-0.0019460000937709255,0.23846429280153877,-0.3984677037033488,0.3858386604520882
Dragapult,-0.0022775048257120197,0.1483430932155993,-0.2523237995375924,0.2353038529482155
Scizor,-0.0024119747467130797,0.13012801438775823,-0.22419006891751433,0.20159604687689178
Audino,-0.0026354992192168447,0.2292738240167713,-0.35669876713194376,0.37448357358450096
Beartic,-0.004411757668849669,0.22522921224977674,-0.3676163435129508,0.37280344801103243
Meowstic ♀,-0.004806168552642079,0.23807365373721748,-0.3883374364467028,0.38905261248562906
Paldean Tauros,-0.005334152448433599,0.23355055660374657,-0.39893828639885437,0.3717040758526492
Glimmora,-0.006135892165220864,0.10973209078240866,-0.19464766675773043,0.16717862222076946
Paldean Tauros Blaze Breed,-0.006460279675123166,0.23522103137385544,-0.4000166730842684,0.3712465798245273
Liepard,-0.006779135745647111,0.2234119596937477,-0.36680853189492946,0.36265046419605723
Mow Rotom,-0.010532586504130295,0.1831224640036989,-0.31305786315676715,0.29136059948976506
Meowscarada,-0.012431592145509072,0.12566221060750768,-0.21419856062225534,0.18775902946329054
Overqwil,-0.013504151940470513,0.16819210024668846,-0.2909810791445602,0.2666080279569103
Sceptile,-0.013644375960532903,0.1100384166070913,-0.19912781507864716,0.1758314391981726
Sneasel,-0.015065124867581891,0.24526487757241452,-0.43028827794749874,0.37407318955423297
Sandaconda,-0.015452788604583916,0.23839732229901947,-0.40272218744160676,0.3830203500347338
Grimmsnarl,-0.015623039594658246,0.06604117483917514,-0.12237334709100806,0.08757114588159522
Goodra,-0.01609161638162041,0.2481421470361316,-0.42116940262189684,0.3903821505224759
Luxray,-0.01686601518164158,0.23004774287267116,-0.405713333740686,0.35219839915499196
Greninja,-0.01793318091769409,0.17086036892052403,-0.2978930674863335,0.2599631120104251
Heat Rotom,-0.019176955742444157,0.11258908865249759,-0.20421174371655632,0.16361628733026518
Chimecho,-0.020022845192593532,0.23096892000309205,-0.4117654829226959,0.3554635990412616
Sneasler,-0.02263269072030018,0.04979090351899237,-0.10689391992342066,0.05600602101849449
Reuniclus,-0.02270758513800749,0.21662929014294036,-0.3584757576918277,0.33008933001441587
Typhlosion,-0.02392448071838553,0.20963419243466502,-0.338413994140634,0.32006363299936036
Passimian,-0.02454839309473262,0.2526582525569006,-0.4463156409025292,0.40964358557178576
Orthworm,-0.02483872058526382,0.20860925655244777,-0.37094543294021826,0.32636250900011954
Oranguru,-0.02653242203957479,0.14873490808271986,-0.2732024079300254,0.22151691964226025
Kleavor,-0.02760934116418741,0.19984048245799962,-0.3538403541645483,0.29376180165261656
Slurpuff,-0.029131734334889955,0.22805412751974485,-0.38875653000257976,0.3539071876615702
Rhyperior,-0.030227599186481255,0.22014182427622642,-0.37822426825082994,0.3350550225072342
Dedenne,-0.03132777692822139,0.22640350884487306,-0.41417260523919686,0.3427893329980852
Hisuian Zoroark,-0.031696798941311034,0.13972639646247195,-0.2670161039298253,0.2026570181636827
Tyranitar,-0.03228785247834426,0.07600427712048297,-0.15469450346368724,0.09263073820835113
Bastiodon,-0.03307675363410904,0.2380615949416144,-0.4201062613725069,0.3710896212142009
Gourgeist,-0.033228349386477916,0.24157642476717814,-0.4278186256405313,0.36239901087216186
Fan Rotom,-0.03502053240940077,0.2408770686250944,-0.43387771363322447,0.36775536482831805
Rotom,-0.03626433497509346,0.19004026535263896,-0.3542946434268826,0.27756091632324703
Musharna,-0.03759981702205899,0.23170647257947596,-0.39617007385377667,0.3456535765759551
Heracross,-0.03829130849600189,0.22486760435615843,-0.3876476005279723,0.3659471274642017
Sinistcha,-0.038538730068458024,0.0582092078976948,-0.13217221335532095,0.06117580061937687
Clawitzer,-0.04102695568231662,0.1959204962889031,-0.35959713023413126,0.2808395739789923
Polteageist,-0.04129124821021724,0.23256844430801435,-0.44195011904606685,0.34487605341093214
Flapple,-0.041325627797793404,0.23768590881464846,-0.4270981258547355,0.33165804153839135
Slowbro,-0.04156656621784137,0.20729878562829318,-0.38912195715225845,0.2973051196076993
Mr. Rime,-0.04340212621021781,0.20665298036748447,-0.3812107594862536,0.2936261368566761
Politoed,-0.04388647771994407,0.10969766492420521,-0.22458608482520356,0.14765796121814295
Infernape,-0.04624950236624112,0.2038092933141519,-0.3816752385500311,0.30535268193604415
Houndoom,-0.050990766441221635,0.2362717841743697,-0.4258108046899699,0.3539553578466233
Aurorus,-0.05135046206803597,0.23830703907159476,-0.43950333929805824,0.32992677220861466
Emboar,-0.05202071816247848,0.20697251598266292,-0.41602336556683017,0.2792646742041599
Malamar,-0.05246757775428748,0.18128286906303107,-0.3471098804401395,0.2362106995407923
Toxicroak,-0.054660779623347595,0.22008614263484588,-0.4034448933001246,0.31207438252903114
Sylveon,-0.054667938343766834,0.06731850631148291,-0.16766400544343701,0.054449747906548975
Salazzle,-0.05601233169551685,0.24023617682388354,-0.4499239969881994,0.3416099911229613
Basculegion ♀,-0.05648730465996822,0.2008519343198146,-0.3822897708645996,0.2753200809135212
Slowking,-0.05698138093381155,0.21240778512880149,-0.39684385255488436,0.2950155405830945
Golurk,-0.05916429427705692,0.163647995405059,-0.32904154476895037,0.21963018115683441
Clefable,-0.05935237513722699,0.12267561068598226,-0.2613383971145275,0.15035123652160098
Umbreon,-0.06010964741570819,0.1817404559958277,-0.3631485274574934,0.24659731290274897
Chandelure,-0.06041878556644024,0.1435503850409771,-0.2988830338295922,0.16380102309871863
Aerodactyl,-0.06363463202397168,0.06334599453301784,-0.17049043181037654,0.034541613969449284
Lycanroc,-0.0645623965424797,0.20933692095720535,-0.4051165640417041,0.2865743347539228
Maushold,-0.06492889869337962,0.07434769164244705,-0.18534769845234883,0.06073915000761355
Quaquaval,-0.06495402024689095,0.2114197177969564,-0.4149378550406106,0.2779671128127019
Victreebel,-0.06564746673080352,0.21792752559067766,-0.4289814612997738,0.29886163722460746
Manectric,-0.06643058443999673,0.2121410460368844,-0.4094170008357669,0.27499288241892106
Hisuian Samurott,-0.06861131720470386,0.13800640333518446,-0.28242049337887226,0.15801085861732236
Ampharos,-0.06862704133868983,0.19159547945715139,-0.37423181519369564,0.24956980377990706
Conkeldurr,-0.06936495447094396,0.21805687338248284,-0.4423856574259565,0.28642320738144306
Glaceon,-0.07444684730664278,0.23810505422923342,-0.4639365486943254,0.3360528084273613
Skarmory,-0.0750141794190235,0.21141036072615255,-0.4135287218610569,0.2950014272972736
Absol,-0.07630385523750575,0.23458593508916173,-0.46260567545659803,0.3065719543550341
Alolan Ninetales,-0.07682055602099651,0.07416272392787059,-0.2011184318885053,0.04302225799784523
Vaporeon,-0.07757458971276465,0.21213945873677498,-0.41520154061074194,0.2748520836357824
Feraligatr,-0.07796202902309776,0.20271606506108256,-0.4128483447544491,0.2617847536662199
Gengar,-0.08078617810167427,0.09494522245495063,-0.23690076076941632,0.08011743753155467
Torkoal,-0.08345834408278431,0.07903406584644651,-0.2201749742409313,0.04902639354202082
Leafeon,-0.08460807776046732,0.2260104434973591,-0.4551601990416962,0.2825323416217822
Bellibolt,-0.08816860025528263,0.1851519926768878,-0.3935636358332961,0.22391104917052343
Heliolisk,-0.09267615263347936,0.1914044472682121,-0.40340174380362065,0.2293602547655446
Emolga,-0.09359823877776279,0.2454606375563928,-0.5129165478800769,0.309047791251099
Scolipede,-0.09674071191003027,0.200143571415466,-0.4319789013229835,0.21134798822793696
Steelix,-0.09916123234630224,0.1740684599316026,-0.36801808033558764,0.20010827142712165
Espathra,-0.10367164522258389,0.19264879694925766,-0.42297115657426565,0.20799095326049777
Frost Rotom,-0.10508828980307637,0.21950592642901362,-0.4672996218924142,0.25695480918238817
Alakazam,-0.10891719065162966,0.20063037659208444,-0.4246075744097544,0.23188071877912597
Paldean Tauros Aqua Breed,-0.11133237003463639,0.2065301031199982,-0.4622898969939966,0.24640729289559463
Mimikyu,-0.11215807712676279,0.173377817790543,-0.3953487598797748,0.17397845871239592
Sableye,-0.11256964974447672,0.08881007499472596,-0.26163231027116474,0.03696815779006089
Tinkaton,-0.11337391760136213,0.17059807142822217,-0.403101632192062,0.14828368597548486
Machamp,-0.11355630626328757,0.20737524938280713,-0.46170905059412354,0.2136337318388211
Runerigus,-0.11361383155132998,0.2195801304285313,-0.4748659764557973,0.25105953519178115
Hatterene,-0.1207918373129966,0.15182630208073672,-0.37174817547402067,0.13691940531838112
Vivillon,-0.1255844137571599,0.11693581754502193,-0.3262598774003788,0.05322305139616502
Jolteon,-0.1256498833545887,0.20269091627698277,-0.448568641901251,0.20389181760803127
Palafin,-0.12640567224044377,0.17237042000015587,-0.4066974367110054,0.1682510615398043
Meowstic,-0.13191269642978184,0.1864394778733651,-0.45613869627994824,0.17440950002716657
Arcanine,-0.13751179644041805,0.2358766169126234,-0.520475325003702,0.25492113644436204
Trevenant,-0.14087055828343847,0.21764889007638008,-0.4969177225999403,0.2239328332320138
Dragalge,-0.14127038118631116,0.153937696081829,-0.4009983480960762,0.106464773345369
Serperior,-0.15580359126569399,0.203846896574653,-0.5026183406274651,0.17966194084345039
Gliscor,-0.17036489796319818,0.20157726713141896,-0.4990324504145094,0.1461387395894763
Cofagrigus,-0.1795457277174868,0.2148110439877404,-0.5142265219457118,0.1851480821266539
Talonflame,-0.20349229066520258,0.08863457735784239,-0.34213496813155947,-0.05583763615515447
Ninetales,-0.22840687798352538,0.11911334404804828,-0.41569592653753273,-0.02855763196078511
Raichu,-0.24133132570343757,0.0646926027237162,-0.35183682012693573,-0.1346944910681903
Eelektross,-0.2660140122049556,0.1165595224523148,-0.45644926689149823,-0.07250820135942596
