n,mean,q5,q95,squadra
7,2.9231302210064847,2.131716906377147,3.6835577484396835,Sneasler / Blastoise / Kingambit / Incineroar / Delphox / Sinistcha
5,2.731479391202115,1.9144780290107206,3.529862191525315,Blastoise / Delphox / Sneasler / Incineroar / Sinistcha / Kingambit
8,2.665162985564529,1.9455165704166748,3.4182770316759927,Froslass / Scovillain / Basculegion / Kingambit / Lycanroc Dusk / Sneasler
7,2.5932458242816785,1.8716078556478557,3.3077399298779797,Delphox / Eternal Flower Floette / Sinistcha / Kingambit / Sneasler / Incineroar
8,2.5564319580540156,1.8505182931862965,3.2685868257403463,Sinistcha / Kingambit / Sneasler / Eternal Flower Floette / Delphox / Incineroar
7,2.3541795343932623,1.6608808426174506,3.100159986617728,Froslass / Scovillain / Sneasler / Kingambit / Basculegion / Lycanroc Dusk
5,2.337251339525414,1.6804157536854303,3.0464075283908496,Charizard / Sylveon / Aerodactyl / Farigiraf / Garchomp / Kingambit
7,2.326318912771674,1.4501262964498143,3.160580264281769,Swampert / Pelipper / Archaludon / Venusaur / Maushold / Gholdengo
6,2.3244187182307035,1.659079446099792,3.0175420915266282,Charizard / Aerodactyl / Farigiraf / Garchomp / Sylveon / Kingambit
21,2.2975345212706975,1.4667924628876903,3.1561065175399667,Sinistcha / Incineroar / Milotic / Raichu / Eternal Flower Floette / Ceruledge
5,2.288431142222312,1.623211828405179,2.9928350441069447,Aerodactyl / Garchomp / Kingambit / Charizard / Sylveon / Farigiraf
5,2.2848943971878657,1.497827359972759,3.0526473500231117,Archaludon / Swampert / Pelipper / Gardevoir / Sinistcha / Incineroar
5,2.2708005946593617,1.5751594728630194,3.0559831051331856,Froslass / Scovillain / Basculegion / Kingambit / Sneasler / Lycanroc Dusk
6,2.258856980029793,1.3933335720506472,3.1352831150375544,Sinistcha / Incineroar / Milotic / Raichu / Floette / Ceruledge
5,2.252745149116862,1.5046197002198036,3.0043694417968916,Charizard / Eternal Flower Floette / Aegislash / Incineroar / Garchomp / Sinistcha
9,2.2510839797241533,1.6142017383801983,2.9299214644384017,Kingambit / Charizard / Aerodactyl / Farigiraf / Garchomp / Sylveon
7,2.2427314862960617,1.4142136905078433,3.0387959565067604,Excadrill / Tyranitar / Corviknight / Hydreigon / Scovillain / Houndstone
35,2.233674426394241,1.5795675862859075,2.9398886422733232,Eternal Flower Floette / Charizard / Whimsicott / Garchomp / Basculegion / Kingambit
10,2.2311359104027355,1.6159205140885495,2.9165793312334247,Charizard / Aerodactyl / Garchomp / Sylveon / Kingambit / Incineroar
23,2.2207697148389425,1.5930965149784149,2.890598589004509,Kingambit / Charizard / Aerodactyl / Farigiraf / Garchomp / Sylveon
6,2.2184683392949136,1.5339681459744055,2.9090804819768383,Charizard / Farigiraf / Venusaur / Garchomp / Incineroar / Sylveon
6,2.2064637196726964,1.4241424761139976,2.988198217548678,Metagross / Charizard / Aerodactyl / Sylveon / Hisuian Samurott / Garchomp
7,2.205254810135606,1.5123243717801471,2.8798855587153596,Basculegion / Kingambit / Sneasler / Incineroar / Sinistcha / Eternal Flower Floette
6,2.2010795349317847,1.2091757428825465,3.1797288356107316,Swampert / Maushold / Archaludon / Pelipper / Gholdengo / Dragonite
6,2.1953229994649126,1.4701626654824183,2.9568083277126367,Scrafty / Farigiraf / Torkoal / Kingambit / Sneasler / Pyroar
11,2.1952902407929735,1.5272137887764756,2.9083833592709705,Charizard / Aerodactyl / Kingambit / Farigiraf / Sylveon / Garchomp
5,2.1862903495601973,1.5253354403578563,2.8928448689902617,Eternal Flower Floette / Charizard / Whimsicott / Garchomp / Basculegion / Kingambit
5,2.175570341294827,1.3099705301257702,3.011426366904585,Incineroar / Gardevoir / Talonflame / Tsareena / Maushold / Basculegion
5,2.1721548933196058,1.5412191238396107,2.8453670993934814,Charizard / Aerodactyl / Garchomp / Kingambit / Sylveon / Farigiraf
11,2.155070558986747,1.3715854746793898,3.0135614444256955,Pyroar / Scrafty / Farigiraf / Torkoal / Venusaur / Mamoswine
28,2.15029548666034,1.4366022979007775,2.874871659933068,Charizard / Eternal Flower Floette / Garchomp / Whimsicott / Kingambit / Basculegion
6,2.1336786384391515,1.1559061817177778,3.120472422928758,Torkoal / Farigiraf / Sylveon / Kingambit / Appletun / Kangaskhan
10,2.1298841738021674,1.427004438157338,2.843094521311642,Gholdengo / Incineroar / Basculegion / Garchomp / Charizard / Whimsicott
6,2.1084825505877127,1.3855035048099802,2.767344461316485,Charizard / Garchomp / Venusaur / Sylveon / Farigiraf / Incineroar
8,2.1024067912991664,1.2111408771473977,2.999735959973952,Gengar / Swampert / Incineroar / Politoed / Archaludon / Vivillon
5,2.102052136868131,1.4357818223123124,2.8262303737873284,Metagross / Charizard / Aerodactyl / Sylveon / Garchomp / Incineroar
5,2.096734489713275,1.4243013239305145,2.777948997357582,Kingambit / Charizard / Garchomp / Basculegion / Whimsicott / Eternal Flower Floette
5,2.062867626008495,1.325883543884363,2.814014777311719,Charizard / Eternal Flower Floette / Garchomp / Basculegion / Incineroar / Whimsicott
6,2.054042881608521,1.0691352989703047,3.0593982450763804,Raichu / Kingambit / Mamoswine / Ceruledge / Gyarados / Clefable
12,2.0492526877846946,1.179204650260046,2.857673550103501,Blastoise / Delphox / Incineroar / Sneasler / Sinistcha / Maushold
7,2.0365067505946355,1.1822441967909676,2.843011572025771,Pyroar / Vileplume / Torkoal / Incineroar / Eternal Flower Floette / Farigiraf
10,2.014981408767805,1.3726314930886612,2.6848884102358914,Sylveon / Farigiraf / Garchomp / Kingambit / Aerodactyl / Charizard
19,1.9871873397044382,1.2749448033566875,2.664995217871712,Charizard / Basculegion / Kingambit / Eternal Flower Floette / Whimsicott / Garchomp
5,1.979488686274594,1.1661836009488598,2.7718902658556983,Charizard / Eternal Flower Floette / Garchomp / Basculegion / Incineroar / Whimsicott
8,1.9682528919069222,1.3240022214951244,2.670411238433274,Whimsicott / Eternal Flower Floette / Charizard / Garchomp / Basculegion / Kingambit
6,1.9508498164393435,1.2881343990571041,2.6499847913737384,Charizard / Garchomp / Whimsicott / Hydreigon / Sneasler / Basculegion
6,1.9439196949045379,1.286392686802553,2.6736626133065884,Charizard / Whimsicott / Garchomp / Basculegion / Sylveon / Hydreigon
5,1.9351159658508046,1.1418520380364658,2.6793631807195935,Pelipper / Sneasler / Archaludon / Swampert / Sinistcha / Grimmsnarl
6,1.9345231801552898,1.1546728847997125,2.736047658196662,Torkoal / Farigiraf / Sylveon / Kingambit / Vileplume / Kangaskhan
52,1.9271678816971194,1.1570335136336178,2.680586880440994,Grimmsnarl / Swampert / Pelipper / Archaludon / Sinistcha / Metagross
8,1.9176043748327067,1.2140208112541593,2.609769337046149,Metagross / Sneasler / Hydreigon / Incineroar / Aerodactyl / Eternal Flower Floette
7,1.9117740926308886,1.1677161918000738,2.6058269886230807,Charizard / Whimsicott / Eternal Flower Floette / Garchomp / Basculegion / Kingambit
12,1.8925682472176149,1.0748552099672224,2.6876705975780415,Swampert / Pelipper / Sinistcha / Archaludon / Grimmsnarl / Gholdengo
6,1.8691660146852607,1.0612690679782337,2.647070605566757,Sneasler / Incineroar / Eternal Flower Floette / Kingambit / Sinistcha / Dragapult
25,1.869038847408509,1.0824788541967993,2.636476808189012,Raichu / Mawile / Sinistcha / Ceruledge / Milotic / Incineroar
6,1.864005443040755,1.0454792969628615,2.6498921843079746,Swampert / Grimmsnarl / Archaludon / Pelipper / Staraptor / Sinistcha
7,1.8544195817150477,0.9850603134953986,2.6861544955544705,Staraptor / Houndstone / Tyranitar / Wash Rotom / Excadrill / Venusaur
10,1.8518152238353458,1.1810339042153972,2.5605809994557234,Charizard / Whimsicott / Garchomp / Basculegion / Gholdengo / Incineroar
8,1.8235780215520792,1.0443792513556398,2.5687325545848148,Swampert / Grimmsnarl / Pelipper / Archaludon / Sinistcha / Metagross
5,1.7913928996404491,0.9335947222646641,2.658186100485424,Dragonite / Basculegion / Scizor / Archaludon / Pelipper / Incineroar
11,1.7912294811008487,1.0475954816377693,2.526752910900077,Raichu / Gholdengo / Garchomp / Eternal Flower Floette / Whimsicott / Basculegion
6,1.7847866792938927,1.0992702045334497,2.5027037045965748,Gholdengo / Charizard / Sneasler / Whimsicott / Basculegion / Garchomp
8,1.7838509999505505,1.078421327123087,2.4388870704599497,Blaziken / Hydreigon / Basculegion / Whimsicott / Farigiraf / Metagross
5,1.7722147889096904,1.0389131403933272,2.5563309465683277,Eternal Flower Floette / Sneasler / Sinistcha / Incineroar / Grimmsnarl / Wash Rotom
7,1.7677805118175862,1.0551795339179464,2.4989029737363326,Delphox / Garchomp / Sneasler / Kingambit / Sinistcha / Alolan Ninetales
13,1.767158162329082,0.9081809262843098,2.599919767099929,Pyroar / Ninetales / Whimsicott / Eternal Flower Floette / Basculegion / Farigiraf
5,1.7668333410333634,1.136906270205094,2.462635367932241,Charizard / Sylveon / Garchomp / Kingambit / Aerodactyl / Farigiraf
14,1.7486173161099572,0.9131638499171623,2.591005765782291,Pyroar / Whimsicott / Basculegion / Ninetales / Farigiraf / Eternal Flower Floette
7,1.7229363907555824,1.0337008249762605,2.410663682141763,Mawile / Farigiraf / Whimsicott / Garchomp / Basculegion / Charizard
32,1.7171000684349098,0.9494701189894368,2.557008773944971,Hydreigon / Garchomp / Metagross / Charizard / Grimmsnarl / Toxapex
14,1.7169738923463336,0.9152800504034498,2.469435146203236,Swampert / Eternal Flower Floette / Pelipper / Grimmsnarl / Sinistcha / Archaludon
8,1.709939774869053,0.844556291535106,2.5757308244033923,Pyroar / Whimsicott / Ninetales / Farigiraf / Basculegion / Floette
8,1.707850541366948,0.9126626197637193,2.47849047824418,Basculegion / Gholdengo / Whimsicott / Eternal Flower Floette / Garchomp / Raichu
5,1.6491981712955086,0.9569496977145662,2.373415355006153,Kingambit / Charizard / Farigiraf / Aerodactyl / Sylveon / Garchomp
5,1.6462567955765326,0.799764540159466,2.45500959954214,Delphox / Garchomp / Azumarill / Sinistcha / Incineroar / Glimmora
8,1.6450135441298668,0.826159776182623,2.4241491119865466,Scrafty / Vileplume / Staraptor / Farigiraf / Sylveon / Torkoal
5,1.642006844219232,0.9928442388250173,2.35209050271727,Charizard / Whimsicott / Garchomp / Sneasler / Basculegion / Sylveon
5,1.6318873028204004,0.8493417718833223,2.388390860556235,Swampert / Grimmsnarl / Pelipper / Archaludon / Sinistcha / Metagross
5,1.607331029536325,0.8566465370309821,2.3820037669125136,Gengar / Sylveon / Incineroar / Sneasler / Swampert / Politoed
5,1.6069788257549902,0.9441306418525607,2.247619746282851,Charizard / Aerodactyl / Garchomp / Basculegion / Kingambit / Sylveon
5,1.5038430915498622,0.8221311532855803,2.198706336963407,Blaziken / Kingambit / Alolan Ninetales / Aerodactyl / Sylveon / Basculegion
6,1.4505586193304458,0.6831063408358772,2.189457917655538,Staraptor / Raichu / Farigiraf / Sinistcha / Whimsicott / Garchomp
19,1.3850155978860628,0.6872821878630853,2.105594864433832,Blaziken / Aerodactyl / Kingambit / Basculegion / Sylveon / Torkoal
5,1.3720562107264904,0.5028297905123348,2.291531945703567,Garchomp / Sneasler / Maushold / Delphox / Azumarill / Incineroar
8,1.3339843232167843,0.401896898118335,2.3358437783969666,Scrafty / Metagross / Mamoswine / Toxapex / Dragonite / Charizard
8,1.1059994777485371,0.6893529941553143,1.5023658712152477,Charizard / Eternal Flower Floette / Kingambit / Basculegion / Whimsicott / Garchomp
6,1.0138743613106724,0.12173725686639354,1.8763313041629022,Sceptile / Heat Rotom / Basculegion / Aerodactyl / Garchomp / Eternal Flower Floette
8,0.9982594399789858,0.1974995852386048,1.8184515053059462,Archaludon / Sableye / Swampert / Pelipper / Sinistcha / Basculegion
5,0.9695166873152959,0.07062957923596784,1.836580528423173,Mawile / Torkoal / Vileplume / Farigiraf / Kangaskhan / Gallade
8,0.924454574660011,-0.05850572321920319,1.886424156972283,Golurk / Farigiraf / Torkoal / Oranguru / Venusaur / Staraptor
8,0.6685776449549832,0.2775283901004029,1.0710530537541467,Charizard / Garchomp / Aerodactyl / Sylveon / Kingambit / Basculegion
6,0.6357805763296518,-0.14914484600859956,1.4323049067110127,Archaludon / Pelipper / Sableye / Basculegion / Dragonite / Sinistcha
8,0.1125991105991006,-0.7908922269882027,1.0008264888278358,Sylveon / Raichu / Basculegion / Azumarill / Politoed / Gengar
9,-0.056875907067765796,-1.107639286420814,0.9317445214312191,Sinistcha / Sneasler / Archaludon / Swampert / Politoed / Grimmsnarl
6,-0.3142713147138599,-1.2745607148775095,0.6267726193511932,Pelipper / Grimmsnarl / Raichu / Sinistcha / Eelektross / Garchomp
